observation_date,TTLCONS,TTLCONS_scaled_billions
1993-01-01,458080,458.08
1993-02-01,462967,462.967
1993-03-01,458399,458.399
1993-04-01,469425,469.425
1993-05-01,468998,468.998
1993-06-01,480247,480.247
1993-07-01,483571,483.571
1993-08-01,491494,491.494
1993-09-01,497297,497.297
1993-10-01,492823,492.823
1993-11-01,515934,515.934
1993-12-01,533150,533.15
1994-01-01,513314,513.314
1994-02-01,513196,513.196
1994-03-01,521040,521.04
1994-04-01,528063,528.063
1994-05-01,532328,532.328
1994-06-01,536198,536.198
1994-07-01,537232,537.232
1994-08-01,537960,537.96
1994-09-01,538215,538.215
1994-10-01,533273,533.273
1994-11-01,539150,539.15
1994-12-01,541794,541.794
1995-01-01,543930,543.93
1995-02-01,537826,537.826
1995-03-01,542715,542.715
1995-04-01,543096,543.096
1995-05-01,542566,542.566
1995-06-01,546131,546.131
1995-07-01,547342,547.342
1995-08-01,550996,550.996
1995-09-01,554011,554.011
1995-10-01,555132,555.132
1995-11-01,557445,557.445
1995-12-01,557953,557.953
1996-01-01,575138,575.138
1996-02-01,568052,568.052
1996-03-01,574538,574.538
1996-04-01,590464,590.464
1996-05-01,600186,600.186
1996-06-01,602150,602.15
1996-07-01,599899,599.899
1996-08-01,603959,603.959
1996-09-01,615466,615.466
1996-10-01,621761,621.761
1996-11-01,620812,620.812
1996-12-01,606078,606.078
1997-01-01,608608,608.608
1997-02-01,615415,615.415
1997-03-01,620467,620.467
1997-04-01,616175,616.175
1997-05-01,624743,624.743
1997-06-01,626396,626.396
1997-07-01,637410,637.41
1997-08-01,639593,639.593
1997-09-01,646526,646.526
1997-10-01,653196,653.196
1997-11-01,643710,643.71
1997-12-01,642021,642.021
1998-01-01,645686,645.686
1998-02-01,648121,648.121
1998-03-01,666906,666.906
1998-04-01,674351,674.351
1998-05-01,674325,674.325
1998-06-01,703177,703.177
1998-07-01,696540,696.54
1998-08-01,698156,698.156
1998-09-01,707561,707.561
1998-10-01,707943,707.943
1998-11-01,707845,707.845
1998-12-01,706989,706.989
1999-01-01,708818,708.818
1999-02-01,726308,726.308
1999-03-01,737226,737.226
1999-04-01,728788,728.788
1999-05-01,727358,727.358
1999-06-01,739167,739.167
1999-07-01,745815,745.815
1999-08-01,741524,741.524
1999-09-01,751402,751.402
1999-10-01,759906,759.906
1999-11-01,781199,781.199
1999-12-01,789431,789.431
2000-01-01,784940,784.94
2000-02-01,793737,793.737
2000-03-01,809459,809.459
2000-04-01,804766,804.766
2000-05-01,805005,805.005
2000-06-01,795411,795.411
2000-07-01,783795,783.795
2000-08-01,805341,805.341
2000-09-01,814330,814.33
2000-10-01,816100,816.1
2000-11-01,820054,820.054
2000-12-01,811516,811.516
2001-01-01,814479,814.479
2001-02-01,813647,813.647
2001-03-01,828057,828.057
2001-04-01,842392,842.392
2001-05-01,848146,848.146
2001-06-01,855730,855.73
2001-07-01,850471,850.471
2001-08-01,847465,847.465
2001-09-01,837412,837.412
2001-10-01,845941,845.941
2001-11-01,843911,843.911
2001-12-01,849689,849.689
2002-01-01,858654,858.654
2002-02-01,862338,862.338
2002-03-01,844551,844.551
2002-04-01,858240,858.24
2002-05-01,850935,850.935
2002-06-01,846777,846.777
2002-07-01,847129,847.129
2002-08-01,839008,839.008
2002-09-01,832134,832.134
2002-10-01,839690,839.69
2002-11-01,844697,844.697
2002-12-01,855921,855.921
2003-01-01,863855,863.855
2003-02-01,859225,859.225
2003-03-01,851132,851.132
2003-04-01,859459,859.459
2003-05-01,866814,866.814
2003-06-01,880865,880.865
2003-07-01,891264,891.264
2003-08-01,901839,901.839
2003-09-01,911589,911.589
2003-10-01,925732,925.732
2003-11-01,925985,925.985
2003-12-01,948491,948.491
2004-01-01,938525,938.525
2004-02-01,937813,937.813
2004-03-01,961159,961.159
2004-04-01,967602,967.602
2004-05-01,974381,974.381
2004-06-01,983087,983.087
2004-07-01,1006184,1006.184
2004-08-01,1013616,1013.616
2004-09-01,1012080,1012.08
2004-10-01,1015719,1015.719
2004-11-01,1022994,1022.994
2004-12-01,1037480,1037.48
2005-01-01,1046082,1046.082
2005-02-01,1066848,1066.848
2005-03-01,1071745,1071.745
2005-04-01,1081012,1081.012
2005-05-01,1093341,1093.341
2005-06-01,1105896,1105.896
2005-07-01,1119101,1119.101
2005-08-01,1129163,1129.163
2005-09-01,1148438,1148.438
2005-10-01,1160831,1160.831
2005-11-01,1172090,1172.09
2005-12-01,1184677,1184.677
2006-01-01,1195642,1195.642
2006-02-01,1205639,1205.639
2006-03-01,1205169,1205.169
2006-04-01,1193296,1193.296
2006-05-01,1180581,1180.581
2006-06-01,1172128,1172.128
2006-07-01,1157926,1157.926
2006-08-01,1145907,1145.907
2006-09-01,1135753,1135.753
2006-10-01,1122914,1122.914
2006-11-01,1121749,1121.749
2006-12-01,1135406,1135.406
2007-01-01,1137917,1137.917
2007-02-01,1139032,1139.032
2007-03-01,1146624,1146.624
2007-04-01,1150590,1150.59
2007-05-01,1161581,1161.581
2007-06-01,1163511,1163.511
2007-07-01,1155448,1155.448
2007-08-01,1159077,1159.077
2007-09-01,1158580,1158.58
2007-10-01,1152491,1152.491
2007-11-01,1132908,1132.908
2007-12-01,1115141,1115.141
2008-01-01,1111347,1111.347
2008-02-01,1096648,1096.648
2008-03-01,1103446,1103.446
2008-04-01,1101252,1101.252
2008-05-01,1101547,1101.547
2008-06-01,1090098,1090.098
2008-07-01,1086952,1086.952
2008-08-01,1070075,1070.075
2008-09-01,1059579,1059.579
2008-10-01,1055959,1055.959
2008-11-01,1035033,1035.033
2008-12-01,999139,999.139
2009-01-01,975099,975.099
2009-02-01,971708,971.708
2009-03-01,963793,963.793
2009-04-01,932482,932.482
2009-05-01,920020,920.02
2009-06-01,912530,912.53
2009-07-01,911438,911.438
2009-08-01,900112,900.112
2009-09-01,887241,887.241
2009-10-01,871391,871.391
2009-11-01,858493,858.493
2009-12-01,842609,842.609
2010-01-01,822114,822.114
2010-02-01,814885,814.885
2010-03-01,821849,821.849
2010-04-01,829664,829.664
2010-05-01,823447,823.447
2010-06-01,821943,821.943
2010-07-01,799694,799.694
2010-08-01,802030,802.03
2010-09-01,807728,807.728
2010-10-01,801372,801.372
2010-11-01,804151,804.151
2010-12-01,789395,789.395
2011-01-01,759964,759.964
2011-02-01,758376,758.376
2011-03-01,769157,769.157
2011-04-01,769437,769.437
2011-05-01,775251,775.251
2011-06-01,794839,794.839
2011-07-01,792381,792.381
2011-08-01,811953,811.953
2011-09-01,813660,813.66
2011-10-01,808378,808.378
2011-11-01,812050,812.05
2011-12-01,821367,821.367
2012-01-01,830610,830.61
2012-02-01,824368,824.368
2012-03-01,829288,829.288
2012-04-01,841740,841.74
2012-05-01,850928,850.928
2012-06-01,858009,858.009
2012-07-01,858934,858.934
2012-08-01,862726,862.726
2012-09-01,866588,866.588
2012-10-01,875366,875.366
2012-11-01,872052,872.052
2012-12-01,871809,871.809
2013-01-01,862722,862.722
2013-02-01,873583,873.583
2013-03-01,864510,864.51
2013-04-01,879728,879.728
2013-05-01,888752,888.752
2013-06-01,899295,899.295
2013-07-01,917756,917.756
2013-08-01,929061,929.061
2013-09-01,938121,938.121
2013-10-01,951214,951.214
2013-11-01,964122,964.122
2013-12-01,979211,979.211
2014-01-01,986587,986.587
2014-02-01,987538,987.538
2014-03-01,991157,991.157
2014-04-01,1006901,1006.901
2014-05-01,1007147,1007.147
2014-06-01,1006424,1006.424
2014-07-01,1014935,1014.935
2014-08-01,1015096,1015.096
2014-09-01,1021890,1021.89
2014-10-01,1046402,1046.402
2014-11-01,1044893,1044.893
2014-12-01,1056429,1056.429
2015-01-01,1061241,1061.241
2015-02-01,1072895,1072.895
2015-03-01,1086748,1086.748
2015-04-01,1115619,1115.619
2015-05-01,1135433,1135.433
2015-06-01,1158193,1158.193
2015-07-01,1154561,1154.561
2015-08-01,1164377,1164.377
2015-09-01,1163937,1163.937
2015-10-01,1151533,1151.533
2015-11-01,1145510,1145.51
2015-12-01,1156354,1156.354
2016-01-01,1160988,1160.988
2016-02-01,1172851,1172.851
2016-03-01,1188776,1188.776
2016-04-01,1185902,1185.902
2016-05-01,1190685,1190.685
2016-06-01,1217604,1217.604
2016-07-01,1214532,1214.532
2016-08-01,1221250,1221.25
2016-09-01,1232438,1232.438
2016-10-01,1241100,1241.1
2016-11-01,1264881,1264.881
2016-12-01,1270443,1270.443
2017-01-01,1256025,1256.025
2017-02-01,1277327,1277.327
2017-03-01,1274466,1274.466
2017-04-01,1268229,1268.229
2017-05-01,1282119,1282.119
2017-06-01,1277442,1277.442
2017-07-01,1275620,1275.62
2017-08-01,1274043,1274.043
2017-09-01,1280026,1280.026
2017-10-01,1283890,1283.89
2017-11-01,1309300,1309.3
2017-12-01,1314355,1314.355
2018-01-01,1336820,1336.82
2018-02-01,1356385,1356.385
2018-03-01,1346759,1346.759
2018-04-01,1355060,1355.06
2018-05-01,1361079,1361.079
2018-06-01,1342953,1342.953
2018-07-01,1337209,1337.209
2018-08-01,1340123,1340.123
2018-09-01,1325322,1325.322
2018-10-01,1310337,1310.337
2018-11-01,1301200,1301.2
2018-12-01,1291568,1291.568
2019-01-01,1294553,1294.553
2019-02-01,1312163,1312.163
2019-03-01,1322586,1322.586
2019-04-01,1353153,1353.153
2019-05-01,1364165,1364.165
2019-06-01,1384299,1384.299
2019-07-01,1412161,1412.161
2019-08-01,1426715,1426.715
2019-09-01,1439059,1439.059
2019-10-01,1440792,1440.792
2019-11-01,1462853,1462.853
2019-12-01,1468025,1468.025
2020-01-01,1490544,1490.544
2020-02-01,1498345,1498.345
2020-03-01,1505604,1505.604
2020-04-01,1459249,1459.249
2020-05-01,1452280,1452.28
2020-06-01,1461261,1461.261
2020-07-01,1473560,1473.56
2020-08-01,1491409,1491.409
2020-09-01,1510420,1510.42
2020-10-01,1534371,1534.371
2020-11-01,1551966,1551.966
2020-12-01,1573791,1573.791
2021-01-01,1601386,1601.386
2021-02-01,1580186,1580.186
2021-03-01,1610868,1610.868
2021-04-01,1617204,1617.204
2021-05-01,1630067,1630.067
2021-06-01,1639714,1639.714
2021-07-01,1661458,1661.458
2021-08-01,1666755,1666.755
2021-09-01,1669575,1669.575
2021-10-01,1685471,1685.471
2021-11-01,1728158,1728.158
2021-12-01,1757320,1757.32
2022-01-01,1810368,1810.368
2022-02-01,1852805,1852.805
2022-03-01,1878681,1878.681
2022-04-01,1918254,1918.254
2022-05-01,1930664,1930.664
2022-06-01,1918140,1918.14
2022-07-01,1925909,1925.909
2022-08-01,1915377,1915.377
2022-09-01,1914299,1914.299
2022-10-01,1907841,1907.841
2022-11-01,1913413,1913.413
2022-12-01,1922389,1922.389
2023-01-01,1932302,1932.302
2023-02-01,1944950,1944.95
2023-03-01,1964793,1964.793
2023-04-01,1990292,1990.292
2023-05-01,2011831,2011.831
2023-06-01,2023013,2023.013
2023-07-01,2027412,2027.412
2023-08-01,2047414,2047.414
2023-09-01,2055216,2055.216
2023-10-01,2071136,2071.136
2023-11-01,2090690,2090.69
2023-12-01,2101292,2101.292
2024-01-01,2122229,2122.229
2024-02-01,2133750,2133.75
2024-03-01,2135771,2135.771
2024-04-01,2163179,2163.179
2024-05-01,2168211,2168.211
2024-06-01,2143970,2143.97
2024-07-01,2143139,2143.139
2024-08-01,2162132,2162.132
2024-09-01,2142427,2142.427
2024-10-01,2176627,2176.627
2024-11-01,2184796,2184.796
2024-12-01,2191059,2191.059
2025-01-01,2194337,2194.337
2025-02-01,2178718,2178.718
2025-03-01,2162046,2162.046
2025-04-01,2152380,2152.38
